relative_time,AccX,AccY,AccZ,LinearAccelerometerSensor
0,1.0534487962722778,7.0772600173950195,7.067683219909668,0.43321847570273453
84,0.871489405632019,6.349422931671143,6.828263282775879,0.2745448306594121
93,,,,2.8973085410293096
108,,,,1.2065191077447595
113,1.3120225667953491,4.912901878356934,6.339846134185791,
128,,,,2.6762846313117388
147,,,,2.1516401245032393
169,,,,1.5810651678688699
180,-0.6799532771110535,5.219359874725342,7.920019149780273,
188,,,,1.899326822586835
208,,,,2.76814818719871
227,,,,2.79978356887309
245,,,9.14585018157959,
246,1.7525556087493896,4.041412353515625,,
248,,,,1.0563367593560635
278,,,,0.7921563482837148
288,,,,1.4114387998836349
307,,,,2.9821014531951184
311,0.43095630407333374,2.5665841102600098,11.109095573425293,
327,,,,4.057808852460336
349,,,,1.722761293698909
368,,,,0.7048306440294722
376,,,7.575253963470459,
377,1.6663644313812256,4.501099109649658,,
387,,,,1.4901707786898972
407,,,,1.5802030572905836
427,,,,2.911944153753234
442,,,8.370129585266113,
443,3.1507694721221924,6.1770405769348145,,
451,,,,2.3230721346115457
467,,,,5.776157755211152
488,,,,4.8767493606060865
507,,,,4.504593941427844
509,6.550535678863525,6.244078159332275,3.428496837615967,
528,,,,6.612113078863351
549,,,,4.214396625380154
578,0.5554547905921936,5.861005783081055,9.96945571899414,4.8185606606340405
588,,,,3.166215329046288
618,,,,0.9558269786762054
628,,,,2.0511855535245447
641,5.382165431976318,4.568136692047119,7.230489253997803,
661,,,,1.2716414534759495
670,,,,3.4561416084718024
688,,,,4.895685374952862
707,7.603984832763672,5.008669853210449,9.337387084960938,
708,,,,3.7174121149034915
727,,,,1.2440611426147936
749,,,,3.242457072989282
769,,,,2.5920476267524535
773,2.030282974243164,6.751648902893066,5.918466567993164,
788,,,,1.7152326486118832
807,,,,2.8923059473250974
828,,,,2.027154638036692
839,3.3901896476745605,7.249642848968506,7.2113356590271,
848,,,,1.926719823695759
868,,,,2.084718040593705
888,,,,1.4620202280150723
905,,,3.9647979736328125,
906,2.0685901641845703,4.2329487800598145,,
910,,,,3.9097069664148005
952,,,,3.81871651542705
971,1.742978811264038,11.118672370910645,3.8594532012939453,4.054577658751245
993,,,,2.9518171371226134
1008,,,,2.4331693080157257
1031,,,,2.740297976113964
1039,,,7.795520782470703,
1040,3.993528366088867,7.316680431365967,,
1049,,,,2.154149787979358
1072,,,,2.2932091348122454
1088,,,,1.2758155570524548
1103,2.346317768096924,8.245630264282227,4.750096321105957,
1107,,,,1.8623060317452214
1129,,,,1.313820401817932
1148,,,,1.9462994136429772
1168,,,,3.7456227504673185
1169,-0.5363011956214905,3.7924153804779053,7.508216381072998,
1188,,,,4.803368562617265
1210,,,,4.006241696924898
1232,,,,2.783313285922951
1235,1.5897499322891235,4.683058738708496,8.78193187713623,
1247,,,,1.904888292076125
1271,,,,2.1019366190144755
1288,,,,2.054909697727423
1310,,,5.592854976654053,
1311,0.7565677165985107,7.728483200073242,,1.8112366318192916
1334,,,,3.698247216006946
1348,,,,3.7652785272400915
1367,2.7006595134735107,8.734047889709473,5.688623428344727,
1368,,,,2.644499695447362
1388,,,,1.444265450285179
1408,,,,7.527228710362498
1432,,,,3.1669021485427717
1433,0.4118026793003082,3.8786067962646484,5.430049419403076,
1448,,,,2.9482062818697985
1468,,,,2.918663830679812
1488,,,,3.225517343824854
1499,0.8427590131759644,7.4316020011901855,4.616020679473877,
1510,,,,1.444211138117416
1534,,,,2.1052786152046337
1549,,,,3.348777485300737
1566,0.24899697303771973,7.086836814880371,5.774814605712891,
1568,,,,1.3863445798016136
1588,,,,2.9273465582348255
1630,,,,2.3162731627753894
1631,-0.9959878921508789,6.224924564361572,5.57370138168335,
1658,,,,1.5733424319930918
1668,,,,2.779510725724973
1692,,,,1.015741781709902
1697,3.112462282180786,9.481039047241211,5.65031623840332,
1714,,,,4.526509297762404
1734,,,,2.7177565063870297
1747,,,,2.2525179866703477
1776,-0.4213795065879822,7.364564418792725,7.46033239364624,2.2137212583204318
1788,,,,2.1763629238535707
1817,,,,0.7715169779008956
1834,,,,2.774220186929806
1835,2.7006595134735107,8.772355079650879,2.9496564865112305,
1848,,,,0.992987603009335
1878,,,,0.9731038607124732
1888,,,,2.547614616234002
1898,0.10534487664699554,7.374141216278076,5.870582580566406,
1908,,,,1.5246308958786066
1928,,,,2.163464405025311
1964,,,,2.157874117668275
1965,3.5242648124694824,7.287950038909912,4.405331134796143,
1970,,,,2.498177913423197
1988,,,,1.4485835819589072
2009,,,,1.0003264013705075
2028,3.514688014984131,9.548076629638672,0.4118026793003082,3.008185346209312
2057,,,,3.424216666755156
2068,,,,2.127395625888107
2100,,,,2.398380142172205
2101,0.9768342971801758,9.624691009521484,2.518700122833252,
2108,,,,1.2091105307481615
2128,,,,6.223841744026554
2148,,,,6.924573798439805
2165,,,0.019153613597154617,
2166,10.304644584655762,14.815320014953613,,
2168,,,,5.8293655343406785
2192,,,,5.980253787572023
2209,,,,7.819036572127014
2230,1.1013327836990356,7.690176010131836,-1.015141487121582,2.425918845483716
2250,,,,2.224137119608152
2270,,,,2.477747973399199
2292,-0.4884171485900879,8.638279914855957,-1.3407529592514038,2.9594241177471696
2313,,,,4.987649159125117
2328,,,,3.7153597211664464
2347,,,,2.6246415756391825
2357,2.7772738933563232,9.835380554199219,3.3039982318878174,
2368,,,,3.4438610522854622
2398,,,,4.459465572343615
2407,,,,5.181354605397607
2424,0.4596867263317108,10.96544361114502,-2.499546527862549,
2427,,,,2.9571713775933786
2447,,,,1.268227667941462
2468,,,,2.758011073238946
2488,,,,2.1858278695592195
2489,1.0438719987869263,9.481039047241211,-2.126051187515259,
2530,,,,2.9016322705287836
2548,,,,1.0467030398210166
2555,3.141192674636841,,0.23942017555236816,
2556,,9.787496566772461,,
2569,,,,1.739168776343467
2596,,,,2.01590011256882
2617,,,,1.2636731485304393
2622,2.365471363067627,9.509769439697266,0.009576806798577309,
2628,,,,0.16110354070945943
2649,,,,0.9992912284089708
2672,,,,1.104366224477516
2696,1.647210717201233,9.165003776550293,0.0,0.5672888883237109
2708,,,,0.6746812809723345
2728,,,,0.789940600395381
2747,,,,0.6057662233107998
2769,2.4612393379211426,,-0.14365209639072418,
2770,,9.375694274902344,,0.2843793449489122
2792,,,,0.29940617819083365
2813,,,,1.2232433043171345
2822,1.6280571222305298,9.500192642211914,0.047884032130241394,
2827,,,,0.40949595753743645
2848,,,,0.38884849944107813
2870,,,,0.6409614423858155
2905,2.3942017555236816,9.232041358947754,-0.5363011956214905,0.6520493808312523
2908,,,,0.6997583108281016
2928,,,,4.840043748074636
2948,,,,3.479590856463062
2970,3.5913026332855225,8.858546257019043,1.8579005002975464,
2971,,,,3.2387806837423883
2988,,,,7.6527208563442946
3007,,,,3.753003252962625
3034,2.183511972427368,8.686163902282715,-2.078166961669922,1.5558670400037542
3048,,,,2.8218961797280597
3071,,,,1.1714582592329101
3085,-1.9823989868164062,8.65743350982666,-2.8634653091430664,
3088,,,,4.583567642233789
3108,,,,3.405408142768712
3133,,,,3.227007301835345
3148,,,,3.045011762524265
3157,3.773261785507202,11.530475616455078,-0.07661445438861847,
3172,,,,2.3438974969864605
3188,,,,1.957513624121949
3207,,,,1.1694575488478105
3228,1.216254472732544,9.193734169006348,-1.1779472827911377,1.5705521433911303
3248,,,,1.4900381376518872
3281,2.097320795059204,8.925583839416504,-0.45010992884635925,1.0898517348567818
3289,,,,0.8470332937351405
3311,,,,1.8570170477812318
3332,,,,6.610802462485023
3347,1.455674648284912,3.399766445159912,-2.63362193107605,
3351,,,,6.191539332165936
3369,,,,5.113641386703953
3389,,,,3.383056631815711
3410,,,,1.4509107886243837
3414,0.8906430602073669,9.500192642211914,-3.5625722408294678,
3428,,,,4.109599408306475
3450,,,,11.034620423938044
3467,,,,10.985119898840182
3479,3.648763418197632,10.994174003601074,-0.7374141216278076,
3488,,,,3.2400042065251675
3508,,,,2.484103205946357
3527,,,,0.9065332956485298
3545,0.545877993106842,8.695740699768066,-2.030282974243164,
3550,,,,1.803407355403464
3568,,,,1.0481246777183115
3588,,,,1.0845322332802303
3608,,,,0.4404553661769146
3611,2.126051187515259,9.653421401977539,-1.216254472732544,
3634,,,,0.4010242565719118
3651,,,,0.8149991480700013
3668,,,,1.006190332574718
3677,1.8387469053268433,9.078812599182129,-0.9002198576927185,
3688,,,,0.6199453040576994
3707,,,,0.7362715398360985
3740,,,,0.5183551354080375
3743,1.800439715385437,9.394847869873047,-1.455674648284912,
3753,,,,0.3486067711429964
3768,,,,0.4519545796600908
3791,,,,0.6174403288423415
3807,,,,0.8199637625409678
3809,1.3024457693099976,9.404424667358398,-1.0534487962722778,
3831,,,,0.9175681356030017
3848,,,,0.6806344637462429
3879,1.4652514457702637,9.241618156433105,-1.4460978507995605,0.5367153317538359
3888,,,,0.5802936603074285
3913,,,,0.5546692052698653
3928,,,,0.36978778926625416
3946,1.944091796875,9.346963882446289,-1.4269442558288574,
3949,,,,0.2254946965907103
3969,,,,0.21910661341652843
3989,,,,0.3586653045870102
4007,1.9057846069335938,,-1.599326729774475,
4008,,9.251194953918457,,
4009,,,,0.26442426076037157
4044,,,,0.1827295844831102
4047,,,,0.21311532857211352
4079,,,,0.35483712892725605
4080,1.9345149993896484,9.126696586608887,-1.8483237028121948,
4088,,,,0.5944094258636655
4109,,,,0.6575005514265874
4133,,,,0.5439095887758636
4139,2.030282974243164,9.251194953918457,-1.7142484188079834,
4174,,,,0.22463367164889844
4175,,,,0.254906985718747
4188,,,,0.22090198200326602
4205,1.9823989868164062,9.346963882446289,-1.723825216293335,
4207,,,,0.10132605282172773
4239,,,,0.37672785219123756
4247,,,,0.17656332454657656
4268,,,,0.1939734235906969
4271,1.9728221893310547,9.318233489990234,-1.7908629179000854,
4288,,,,0.32007662299085193
4308,,,,0.28456802314879454
4328,,,,0.326509632047383
4337,,,-1.4652514457702637,
4338,1.7046716213226318,9.615114212036133,,
4356,,,,0.3648039173216532
4372,,,,0.2501163807822734
4387,,,,0.6201926598465431
4403,1.2258312702178955,9.433155059814453,-2.1739351749420166,
4408,,,,0.6994140394903764
4428,,,,0.6345901951092214
4468,,,,0.4990852153483777
4469,1.580173134803772,9.308655738830566,-1.6759412288665771,
4488,,,,0.8062996501568435
4508,,,,1.5665904861893767
4538,0.8044517636299133,8.935160636901855,-0.8619126081466675,1.6303278073862149
4554,,,,1.1291132014568344
4569,,,,0.7857193706707084
4600,,,,0.5139245981691303
4601,1.6950948238372803,9.117119789123535,-1.8962076902389526,
4616,,,,0.445875314120478
4627,,,,0.5961972547989393
4648,,,,0.42399542886028835
4668,1.522712230682373,9.318233489990234,-1.7046716213226318,0.455837794481981
4688,,,,0.5417273071775105
4708,,,,0.5084784029760062
4749,2.049436569213867,9.069235801696777,-2.0877439975738525,0.42761544093866655
4775,,,,0.6136247438316409
4787,,,,0.8189408596726554
4808,,,-2.6240451335906982,
4809,2.298433542251587,9.002198219299316,,0.5430345015199342
4837,,,,0.6729218954192193
4857,,,,0.684341544809825
4866,1.7334020137786865,9.117119789123535,-1.9536685943603516,
4868,,,,0.36024059871872466
4892,,,,0.26212114742578607
4912,,,,0.6132210866003636
4928,,,,0.9275519583201827
4931,1.1683704853057861,9.069235801696777,-1.5610195398330688,
4947,,,,0.8171996135798515
4968,,,,0.575152565577198
4988,,,,0.4124920410775601
4999,1.6663644313812256,9.08838939666748,-2.183511972427368,
5017,,,,0.4835967918879618
5031,,,,0.5063440659339624
5048,,,,0.47406731564735716
5069,1.436521053314209,9.174580574035645,-2.078166961669922,0.4317897349209514
5088,,,,0.44701356740177506
5118,,,,0.5185075584015211
5129,1.4844050407409668,9.011775016784668,-2.011129379272461,0.5071585038523054
5148,,,,0.5371220257743108
5168,,,,0.28074335452848737
5191,,,,0.20363019511642536
5195,1.5322890281677246,9.308655738830566,-2.2218191623687744,
5208,,,,0.5457090482615603
5244,,,,0.7580278228343865
5248,,,,0.6334624308425767
5274,1.742978811264038,9.08838939666748,-1.8483237028121948,0.44806165529464936
5292,,,,0.20682121815236582
5308,,,,0.5019136999655766
5327,1.8962076902389526,9.059659004211426,-2.7293899059295654,
5328,,,,0.7256840142854722
5348,,,,0.5479870524965229
5368,,,,0.37789191320932003
5388,,,,0.6164730862546058
5393,1.800439715385437,9.241618156433105,-1.50355863571167,
5407,,,,0.3481351789633454
5432,,,,0.15170793634254642
5451,,,,0.38472712755040717
5459,1.2449848651885986,9.624691009521484,-2.0685901641845703,
5472,,,,0.49075795516408227
5489,,,,0.6404301649477506
5516,,,,0.8717876117076397
5526,2.2409727573394775,9.2033109664917,-1.9153614044189453,
5528,,,,0.5614392822893006
5548,,,,0.32621784228934847
5569,,,,0.2169877749731771
5598,1.8387469053268433,,-1.9153614044189453,0.5598339371881903
5599,,9.011775016784668,,
5608,,,,0.5447255536354217
5631,,,,0.46352417159193965
5651,,,,0.5491067308165171
5657,1.158793568611145,9.41400146484375,-1.5705963373184204,
5667,,,,0.4891963013987567
5693,,,,0.5541357600645129
5713,,,,0.7574382526423239
5723,1.1109095811843872,9.241618156433105,-1.5610195398330688,
5730,,,,0.5126613060708591
5750,,,,0.3227363847140382
5767,,,,0.35651658273198694
5798,1.4939818382263184,9.27034854888916,-1.9153614044189453,0.29271830980714353
5809,,,,0.29018630840131626
5828,,,,0.6237947764407591
5849,,,,0.5953391542249797
5857,1.0342950820922852,9.442731857299805,-1.5610195398330688,
5873,,,,0.5775550920044181
5888,,,,0.5004897996832911
5909,,,,0.5945671130879284
5922,1.2641384601593018,9.069235801696777,-1.9057846069335938,
5928,,,,0.5349656482613077
5948,,,,0.5670586084875386
5975,,,,0.5780732415201776
6006,,,-1.9057846069335938,
6007,1.5705963373184204,9.260771751403809,,
6008,,,,0.2608727688933865
6030,,,,0.45484895625225846
6048,,,,0.7301046514616083
6053,,,-2.537853717803955,
6054,2.164358377456665,9.050082206726074,,
6069,,,,0.8038827520111488
6091,,,,0.6026405978475917
6110,,,,0.5061012485157103
6121,1.2545616626739502,9.117119789123535,-1.9057846069335938,
6129,,,,0.6814965038363814
6148,,,,0.7293550702063221
6168,,,,0.3876782084422726
6197,1.3886369466781616,9.107542991638184,-2.1164743900299072,0.4520342952600641
6207,,,,0.5290766183824882
6228,,,,0.5076504668907018
6248,,,,0.45960041665738094
6262,1.2832920551300049,9.184157371520996,-2.126051187515259,
6269,,,,0.5106997061981617
6287,,,,0.5595999505147987
6307,,,,0.338810292065591
6328,1.50355863571167,9.136273384094238,-2.0685901641845703,0.49528396776974715
6347,,,,0.5463760279478005
6389,,,,0.48463276188154186
6390,1.4748282432556152,9.097966194152832,-2.183511972427368,0.3841595984337585
6408,,,,0.42358102934848213
6428,,,,0.17292570689901898
6448,,,,0.506225865577637
6461,,,-2.3558945655822754,
6462,2.212242364883423,9.14585018157959,,
6468,,,,1.0819441557168201
6494,,,,0.9760450289141468
6508,,,,0.7064706677059696
6515,,,-1.8291701078414917,
6516,2.3271639347076416,9.241618156433105,,
6545,,,,0.4271532753529582
6550,,,,0.4674034965328446
6568,,,,0.8877790388483738
6583,,,-2.7006595134735107,
6584,1.4077905416488647,8.609549522399902,,
6588,,,,1.3750736476941687
6608,,,,1.5835607599586943
6628,,,,1.896570928545137
6663,-0.43095630407333374,10.007762908935547,-0.9481038451194763,2.0748730218481355
6670,,,,1.9013274374295737
6705,,,,0.6210228981535638
6708,,,,0.42817945273280145
6721,1.9919757843017578,9.2033109664917,-1.7621324062347412,
6728,,,,1.0582964152307397
6755,,,,1.3390639457561295
6773,,,,1.1353982813101966
6779,2.126051187515259,8.96389102935791,-1.6184803247451782,
6788,,,,0.6792224301417736
6807,,,,0.7019887856758762
6828,,,,0.789632610169032
6846,0.8810662031173706,9.327810287475586,-1.4844050407409668,
6851,,,,0.7116959686485648
6868,,,,0.463385160864211
6888,,,,0.23569704554338333
6913,1.3694833517074585,9.27034854888916,-1.8483237028121948,0.28270840019828736
6928,,,,0.3677451586271743
6948,,,,0.38295552442943653
6979,1.7908629179000854,9.21288776397705,-1.9057846069335938,0.37010816900292176
6988,,,,0.35437392266595824
7011,,,,0.21474174332039334
7028,,,,0.20829332484095087
7057,1.5705963373184204,9.279925346374512,-1.8291701078414917,0.28491290696268634
7069,,,,0.327014121196183
7088,,,,0.27342335800657264
7108,,,,0.39198256149599325
7109,1.3120225667953491,9.241618156433105,-1.7908629179000854,
7141,,,,0.37410227290852116
7148,,,,0.23773347709654177
7170,,,,0.24665560238553938
7175,0.9481038451194763,9.241618156433105,-2.4899697303771973,
7188,,,,0.4399745136975112
7208,,,,0.6362473316548871
7232,,,,0.6517044864064033
7241,1.1204863786697388,8.973467826843262,-2.011129379272461,
7260,,,,0.6966576797606888
7269,,,,0.5998561488005647
7288,,,,0.36743675050952646
7307,1.1683704853057861,9.337387084960938,-1.7908629179000854,
7308,,,,0.39784952798958967
7339,,,,0.4212475101386044
7347,,,,0.47992022146902336
7368,,,,0.1652571856307798
7373,1.3311761617660522,9.481039047241211,-2.0877439975738525,
7388,,,,0.6892482896353967
7407,,,,0.9959082037953149
7428,,,,0.7987149258645209
7439,1.647210717201233,8.877699851989746,-2.3080103397369385,
7456,,,,0.6058608969417815
7477,,,,0.599039708013871
7488,,,,0.5436738465135396
7505,1.4460978507995605,9.02135181427002,-2.3558945655822754,
7507,,,,0.5196265800035437
7529,,,,0.29666592112101053
7547,,,,0.2159403989020388
7580,1.436521053314209,9.366117477416992,-2.0685901641845703,0.1737571528561032
7589,,,,0.3078159719358494
7610,,,,0.45695142782505604
7630,,,,0.49949513218582176
7637,1.37906014919281,9.117119789123535,-1.8770540952682495,
7648,,,,0.4387697289044232
7669,,,,0.366858964403882
7688,,,,0.4068395847957365
7703,1.5131354331970215,9.059659004211426,-2.2697031497955322,
7710,,,,0.3875043768789382
7737,,,,0.3570322299668367
7754,,,,0.22987518006183402
7767,,,,0.19949812093545344
7769,1.522712230682373,9.318233489990234,-2.1164743900299072,
7788,,,,0.3612107163489741
7817,,,,0.4324083362310398
7828,,,,0.4333551454862045
7835,1.5322890281677246,9.117119789123535,-2.183511972427368,
7848,,,,0.31605444293683954
7872,,,,0.2837298263822983
7888,,,,0.4081277367002089
7914,,,-2.145204782485962,
7915,1.292868971824646,9.155426979064941,,0.4811322043284111
7937,,,,0.3822697470337681
7948,,,,0.3882887787731813
7968,1.3694833517074585,9.251194953918457,-1.8579005002975464,
7969,,,,0.3637242231379207
7988,,,,0.3168018364194423
8008,,,,0.3567068942986783
8028,,,,0.38928569075633085
8033,1.455674648284912,9.117119789123535,-1.9249382019042969,
8047,,,,0.36641638524204667
8068,,,,0.3388805441738806
8088,,,,0.3042300164321588
8103,1.4077905416488647,9.21288776397705,-1.9728221893310547,
8109,,,,0.3001158897752173
8127,,,,0.3262102024607736
8151,,,,0.3323834290556458
8165,,,-1.9632453918457031,
8166,1.4460978507995605,,,
8167,,9.174580574035645,,
8169,,,,0.35982812427645156
8188,,,,0.40146724818054114
8208,,,,0.37140903130028735
8245,1.4460978507995605,9.232041358947754,-1.9823989868164062,0.3063931529559302
8248,,,,0.32429994003181833
8276,,,,0.2999795285829924
8288,,,,0.28514127822659846
8322,,,,0.2989720016881623
8323,1.4652514457702637,9.27034854888916,-1.8579005002975464,
8328,,,,0.3089041537038616
8348,,,,0.33600170054317613
8363,,,-2.011129379272461,
8364,1.4269442558288574,9.155426979064941,,
8368,,,,0.38666466614120737
8390,,,,0.37218899973992353
8409,,,,0.3361171973689319
8428,,,,0.35946608508632044
8429,1.4173674583435059,9.260771751403809,-1.8579005002975464,
8447,,,,0.2872778728945978
8479,,,,0.29754388896187206
8492,,,,0.34527004723212057
8495,,,-1.800439715385437,
8496,1.4939818382263184,9.260771751403809,,
8510,,,,0.30937655670082626
8528,,,,0.36187428617654077
8547,,,,0.408048974823666
8566,1.5705963373184204,9.117119789123535,-2.0877439975738525,
8568,,,,0.38497009266457316
8590,,,,0.38985905894338946
8608,,,,0.34094323507462626
8632,,,-2.0015525817871094,
8633,1.4269442558288574,9.241618156433105,,0.3123663974316243
8650,,,,0.31333221249346094
8668,,,,0.3486914171387565
8699,,,,0.36782627141511487
8700,1.599326729774475,9.126696586608887,-1.9345149993896484,
8718,,,,0.37714165830124907
8728,,,,0.29599414196774204
8748,,,,0.29421898151536485
8759,1.5514427423477173,9.2033109664917,-2.126051187515259,
8768,,,,0.3326873691815856
8787,,,,0.2807679548814904
8808,,,,0.3032855031709223
8833,,,-1.9536685943603516,
8834,1.4652514457702637,9.232041358947754,,0.31577487635232176
8848,,,,0.33890632161570133
8882,,,,0.34475489599915987
8890,,,,0.31749590692735347
8891,1.4939818382263184,9.193734169006348,-2.0207061767578125,
8908,,,,0.30027267263411084
8928,,,,0.36094259365830766
8948,,,,0.3737623932228562
8957,1.4269442558288574,9.165003776550293,-1.9153614044189453,
8969,,,,0.41858104172482513
8999,,,,0.4308295937393682
9008,,,,0.4470121506654599
9023,1.4269442558288574,9.08838939666748,-2.1356279850006104,
9027,,,,0.4037816731752083
9050,,,,0.302358800429677
9070,,,,0.3386580511701558
9087,,,,0.23178413795831124
9089,1.4173674583435059,9.337387084960938,-2.0398597717285156,
9107,,,,0.2573914702408593
9129,,,,0.3678290059251811
9147,,,,0.48157306082778245
9155,1.5418659448623657,9.030928611755371,-1.9536685943603516,
9178,,,,0.5152027829009177
9188,,,,0.35625960855743793
9208,,,,0.3883974266096639
9221,1.3694833517074585,,-2.298433542251587,
9222,,9.21288776397705,,
9228,,,,0.4194399885371802
9248,,,,0.3430517865157108
9268,,,,0.4245647234982709
9287,,,-2.011129379272461,
9288,1.2641384601593018,9.078812599182129,,0.5000266723671218
9325,,,,0.498946824136832
9327,,,,0.5623871372165515
9348,,,,0.6411410323540933
9353,,,-2.4899697303771973,
9354,1.3311761617660522,9.08838939666748,,
9368,,,,0.6391250915467592
9394,,,,0.685171018852337
9408,,,,0.6462863030926661
9419,1.2066776752471924,9.011775016784668,-2.212242364883423,
9427,,,,0.5547815162607771
9450,,,,0.526518281613816
9478,,,,0.5186797887327967
9485,1.2737152576446533,9.002198219299316,-2.250549554824829,
9488,,,,0.5649033437186596
9507,,,,0.5661257871595803
9528,,,,0.48969739403676865
9547,,,,0.48562009816291724
9551,,,-1.9728221893310547,
9552,1.2641384601593018,9.097966194152832,,
9592,,,,0.5507412348070109
9593,,,,0.8864404518902931
9607,,,,0.7351904055437369
9617,,,-2.451662540435791,
9618,1.4844050407409668,8.925583839416504,,
9628,,,,0.5891543268730702
9663,,,,0.6355323034865719
9668,,,,0.5354496784893528
9693,1.4173674583435059,9.059659004211426,-2.231395959854126,0.4275387181489341
9708,,,,0.7626290384137845
9727,,,,1.1279602310867205
9764,2.3080103397369385,8.762778282165527,-2.537853717803955,1.0419474541197393
9771,,,,0.7128664613573923
9788,,,,0.8917409698033391
9810,,,,1.1881471175734286
9821,,,-3.1890766620635986,
9822,2.6431987285614014,9.21288776397705,,
9829,,,,1.345207266950645
9849,,,,0.8924627250345932
9876,,,,0.5093039398709832
9892,1.5514427423477173,,-1.7717092037200928,
9893,,9.14585018157959,,0.5552149132296332
9907,,,,0.3443950972257386
9942,,,,0.7902610287812389
9954,1.742978811264038,8.437167167663574,-2.1930887699127197,1.0653856584802854
9969,,,,1.2612296653446677
9988,,,,1.1745078456221996
10007,,,,0.8759506374847829
10030,2.2409727573394775,8.9064302444458,-1.7717092037200928,0.66351347274009
10048,,,,0.4030187185781996
10071,,,,0.46972557908429086
10087,1.8483237028121948,9.624691009521484,-1.1683704853057861,0.649814247219257
10108,,,,0.376175785539529
10141,,,,0.752718251347144
10158,1.9728221893310547,9.605537414550781,-2.6431987285614014,0.9089391863532595
10168,,,,0.5421223527097374
10202,,,,0.672165785562455
10207,,,,1.09775350010904
10217,2.4899697303771973,9.797073364257812,-2.671929121017456,
10232,,,,1.136484652924538
10248,,,,0.7792006124829896
10276,,,,0.6031178765543342
10278,1.6855180263519287,10.35252857208252,-1.4269442558288574,
10288,,,,1.0678559116004667
10314,,,,1.8957269729569983
10330,,,,1.9391769412295419
10343,1.6280571222305298,10.84094524383545,-2.1547815799713135,
10355,,,,1.3960996297873656
10371,,,,1.750499654012045
10387,,,,1.616704601485112
10407,,,,1.6045102416199333
10408,,,-1.292868971824646,
10409,0.4118026793003082,8.695740699768066,,
10428,,,,2.0209975683847907
10447,,,,2.532646829880705
10468,,,,2.4077813366179703
10475,0.5171475410461426,8.944737434387207,-0.3256114423274994,
10490,,,,1.113469265236569
10508,,,,0.3492668434496917
10540,,,,0.600126037671448
10541,,,-1.6950948238372803,
10557,,,,0.8520920533073703
10567,,,,1.2485081353096288
10587,,,,1.3066524396741408
10607,1.3120225667953491,8.14028549194336,-1.455674648284912,1.471615532360762
10637,,,,1.6398495976169782
10649,,,,1.7623368424453465
10670,,,,1.9940142465386674
10673,1.5322890281677246,7.565677165985107,-2.1739351749420166,
10688,,,,2.0747847709716094
10708,,,,1.9106238793247219
10730,,,,1.6726488123037506
10739,1.3215993642807007,8.35097599029541,-2.298433542251587,
10748,,,,1.150246836252718
10767,,,,0.6465035058270933
10787,,,,0.7348826662466051
10804,,,-2.5761611461639404,
10805,1.4844050407409668,9.260771751403809,,
10807,,,,0.7378138924843664
10827,,,,0.7936610314677692
10847,,,,0.644774373756771
10867,,,,1.1103651436786224
10870,1.1971008777618408,10.400412559509277,-2.7485435009002686,
10887,,,,1.7410877674160556
10907,,,,2.0960645266275506
10927,,,,2.778749949617853
10936,,,-2.4803929328918457,
10937,1.5514427423477173,12.622231483459473,,
10947,,,,3.363263386004387
10967,,,,3.2657783143773287
10987,,,,1.1929457426819168
11003,1.8483237028121948,10.046070098876953,-1.0630255937576294,
11011,,,,1.7571963438340326
11028,,,,2.210113803298159
11052,,,,0.8112498716286674
11067,,,,1.6339734344517411
11069,2.298433542251587,7.843404769897461,-2.1356279850006104,
11087,,,,2.4324486060363744
11109,,,,2.869079796942843
11146,1.7908629179000854,9.557653427124023,0.047884032130241394,2.4340048943237647
11149,,,,1.5512446328561353
11178,,,,0.5941213149444631
11188,,,,0.450603391179498
11201,1.3503297567367554,8.858546257019043,-2.3080103397369385,
11211,,,,0.9607774554698966
11229,,,,2.6810679980842638
11247,,,,3.171615214115081
11282,0.5746083855628967,7.048529624938965,-1.6280571222305298,2.6499511534309588
11288,,,,3.3227964915644512
11311,,,,3.7342527999995125
11328,,,,3.000066597517224
11333,1.742978811264038,7.067683219909668,-0.9864110946655273,
11347,,,,2.098459668869659
11367,,,,1.1966888880636701
11388,,,,0.5048211833003491
11399,1.3311761617660522,9.864110946655273,-1.6184803247451782,
11428,,,,0.39093457352772537
11448,,,,0.560379242504227
11465,1.4173674583435059,9.66299819946289,-2.1068975925445557,
11468,,,,0.3274276339134395
11488,,,,1.1729297214863388
11524,,,,1.8912977802824102
11528,,,,1.8445708823561133
11531,1.50355863571167,11.15697956085205,-2.5091233253479004,
11557,,,,2.3158142465539493
11568,,,,2.3039995621508607
11591,,,,2.2621308842306487
11597,0.7948749661445618,11.348516464233398,-3.380612850189209,
11608,,,,2.2742392053866873
11628,,,,2.5644022696130824
11648,,,,2.8978836887731063
11663,,,0.2585737705230713,
11664,-0.5841852426528931,9.27034854888916,,
11671,,,,2.7852124052017726
11689,,,,2.2534420388239114
11708,,,,1.5316066715803518
11727,,,,0.7217939025771459
11729,0.9768342971801758,9.768342971801758,-1.1875240802764893,
11747,,,,0.25718346352729554
11772,,,,0.8539846427930322
11794,,,,1.3840595807414857
11796,1.4173674583435059,7.95832633972168,-1.4460978507995605,
11808,,,,2.0295291360181387
11828,,,,2.738265925866536
11848,,,,3.0639369473954168
11861,1.2545616626739502,6.473921298980713,-1.3024457693099976,
11868,,,,3.125103758043108
11889,,,,3.0784493677245295
11908,,,,2.724991135189091
11927,1.6280571222305298,7.374141216278076,-2.346317768096924,
11930,,,,2.241175619275095
11948,,,,1.7153446795363454
11968,,,,1.438862196643221
11989,,,,0.8806621051495006
11993,1.2449848651885986,9.193734169006348,-1.867477297782898,
12028,,,,0.4710110017591036
12048,,,,1.2709663613322673
12059,1.4748282432556152,10.35252857208252,-3.141192674636841,
12068,,,,1.8098112749797148
12108,,,,2.466915946255298
12131,1.6663644313812256,10.429142951965332,-3.1028854846954346,1.3138488015172411
12148,,,,2.699624854976147
12169,,,,3.528479105070891
12188,,,,4.3983908832037875
12191,1.7908629179000854,13.03403377532959,-3.993528366088867,
12208,,,,1.5854039539657918
12230,,,,2.2008831982330195
12248,,,,2.9312068000652114
12257,3.6583402156829834,,0.05746084079146385,
12258,,8.178592681884766,,
12269,,,,2.975543470990452
12288,,,,2.0801435719970987
12311,,,,1.19218184443541
12328,1.7142484188079834,10.103530883789062,-2.1739351749420166,0.7008163698511928
12348,,,,0.8292253489471652
12369,,,,1.8397365141958915
12389,,,,2.6937750370428692
12390,1.2449848651885986,6.904877662658691,-1.1300631761550903,
12408,,,,3.156831744374806
12428,,,,3.1695214169608072
12448,,,,2.835844516543401
12461,0.8140285611152649,7.230489253997803,-0.6703764796257019,
12468,,,,2.485952296473731
12488,,,,1.9545390389077058
12511,,,,1.7218020304260795
12521,1.072602391242981,7.948749542236328,-2.1164743900299072,
12528,,,,1.662886871412511
12551,,,,1.7795637749189845
12568,,,,1.7084291787901686
12588,1.2832920551300049,8.734047889709473,-1.0630255937576294,1.1091515221960246
12607,,,,0.4441580279991116
12627,,,,1.5923749190094743
12648,,,,1.8266082079204369
12660,2.2697031497955322,9.586383819580078,-3.5721490383148193,
12668,,,,1.6597668000233028
12688,,,,1.570189362058267
12708,,,,1.6330650170833256
12728,1.580173134803772,10.630255699157715,-3.045424461364746,1.3432787135278748
12748,,,,1.9911341855839904
12768,,,,3.9097967296944347
12785,1.50355863571167,13.589488983154297,-3.8498764038085938,
12788,,,,4.55495675863098
12819,,,,3.9906743535729206
12828,,,,0.865276292599267
12856,0.08619125932455063,8.40843677520752,0.019153613597154617,2.4426792579552625
12868,,,,3.877793320482276
12888,,,,3.4534370661096574
12907,,,,2.2103738774056936
12919,,,-1.235408067703247,
12920,0.3734954595565796,10.639832496643066,,
12928,,,,1.008353509517193
12972,,,,1.282934105483979
12994,1.723825216293335,7.489062786102295,-1.292868971824646,2.404542391378966
13008,,,,2.8627596141909257
13028,,,,3.103794630315887
13049,1.3407529592514038,6.627150535583496,-1.1875240802764893,3.0412726125256726
13068,,,,2.5730661407995714
13094,,,,2.1395941709586297
13109,,,,2.2418149844692947
13118,1.3407529592514038,7.5848307609558105,-2.6144683361053467,
13141,,,,1.9361922865381498
13158,,,,1.4642957959509242
13168,,,,1.1565296247376515
13182,1.1109095811843872,8.954314231872559,-2.1068975925445557,
13188,,,,0.7388171718286091
13207,,,,0.48595395688956894
13232,,,,0.835396243834322
13247,1.3120225667953491,9.979032516479492,-2.6431987285614014,
13248,,,,0.9329286384808222
13280,,,,1.1020426143534618
13288,,,,1.451719527276693
13308,,,,1.722138272909021
13321,1.4077905416488647,10.218452453613281,-3.5051112174987793,
13327,,,,1.262101342740322
13359,,,,3.0591588381344366
13386,2.38462495803833,13.388376235961914,-4.702212333679199,4.625711334787678
13387,,,,3.6703769955869503
13408,,,,1.402762687820165
13427,,,,1.8255943323450265
13449,2.5953147411346436,8.034940719604492,-0.2106897532939911,2.635873164469862
13474,,,,3.1746405210266153
13494,,,,2.438497094864999
13507,,,,1.6809975416811114
13518,1.5897499322891235,9.682151794433594,-0.545877993106842,
13539,,,,0.9033903187611162
13566,,,,0.418242088852993
13568,,,,0.9229010997575942
13599,,,-0.6416460275650024,
13600,1.5514427423477173,8.877699851989746,,1.8836800883380957
13608,,,,2.164934994644499
13635,,,,1.9940498772278277
13643,,,-0.8140285611152649,
13644,1.091755986213684,8.159439086914062,,
13650,,,,1.659038355815653
13669,,,,1.4969601027600472
13687,,,,1.2434785479576866
13708,,,,1.085245694236061
13717,1.3694833517074585,8.65743350982666,-1.0055646896362305,
13729,,,,1.1514414212511535
13749,,,,1.3357255109383792
13768,,,,1.1937842978298794
13775,1.5322890281677246,9.232041358947754,-0.181959331035614,
13788,,,,1.0498005427788821
13808,,,,0.7156634191336623
13831,,,,0.97579202394058
13841,1.7525556087493896,8.638279914855957,-1.5897499322891235,
13848,,,,1.0433856830829213
13868,,,,0.5334998342769405
13888,,,,0.5004686305212378
13907,,,-1.7812861204147339,
13908,1.8579005002975464,9.797073364257812,,0.63585967635117
13929,,,,0.6833010673658648
13948,,,,0.3474973787064793
13968,,,,0.6124862572042982
13974,1.8100165128707886,10.295066833496094,-1.5131354331970215,
13989,,,,1.1129252081947554
14008,,,,1.8004062617974677
14029,,,,2.3085440744906665
14056,1.5322890281677246,10.697293281555176,-3.4093432426452637,1.711461235255983
14070,,,,0.8038585429962039
14087,,,,0.794185437890922
14106,1.0630255937576294,9.184157371520996,-0.6512228846549988,
14111,,,,1.1950095297620973
14140,,,,2.0018331947689734
14148,,,,2.7773650392556064
14171,,,,2.9871575131284502
14172,0.8427590131759644,6.904877662658691,-0.5937620401382446,
14188,,,,2.40568981833583
14209,,,,1.1785411190908095
14233,,,,1.3132748814144177
14237,0.4884171485900879,10.745177268981934,-2.2218191623687744,
14249,,,,1.5589984569138187
14268,,,,1.3026793781436017
14292,,,,0.4428168182593226
14303,0.8044517636299133,9.366117477416992,-1.4269442558288574,
14308,,,,0.42065355297516566
14330,,,,0.5350973277824232
14348,,,,0.6347996394507328
14370,0.363918662071228,9.327810287475586,-1.292868971824646,0.6494342083781931
14388,,,,0.7953134458045357
14408,,,,1.0760235415935837
14428,,,,1.2223393818785648
14435,0.33518823981285095,8.686163902282715,-1.2258312702178955,
14448,,,,1.068477477636459
14468,,,,1.0575750876207872
14487,,,,0.9817815252205886
14501,0.507570743560791,9.011775016784668,-1.37906014919281,
14517,,,,0.737333668524486
14533,,,,0.4963512953614814
14547,,,,0.44674217210752315
14567,0.4118026793003082,9.605537414550781,-1.0821791887283325,
14569,,,,0.44622266346417344
14588,,,,0.5473710943476024
14609,,,,0.5910058100781087
14633,0.545877993106842,9.193734169006348,-1.0534487962722778,0.6214732084583842
14649,,,,0.5939493346650435
14668,,,,0.23027436092020076
14690,,,,0.3975458452789905
14699,1.3503297567367554,9.519346237182617,-1.6663644313812256,
14719,,,,0.7661102469914817
14727,,,,0.7370276328461688
14747,,,,0.6958431619151801
14774,1.0630255937576294,9.911994934082031,-1.8579005002975464,0.4939913920142904
14791,,,,0.23120252534335223
14808,,,,0.18725178103624918
14828,,,,0.5177521323155987
14831,1.1204863786697388,9.14585018157959,-1.292868971824646,
14848,,,,0.7028835729856007
14868,,,,0.7898504270126098
14893,,,,0.6963356505400013
14897,1.2449848651885986,9.126696586608887,-1.4652514457702637,
14908,,,,0.5263947884819797
14940,,,,0.4656475554514007
14947,,,,0.4681772547690534
14963,1.3120225667953491,9.260771751403809,-1.5610195398330688,
14968,,,,0.43571669000826596
14991,,,,0.30872733206684055
15008,,,,0.37151978782230466
15034,1.3886369466781616,9.433155059814453,-2.145204782485962,0.6684387962467846
15048,,,,0.6807236939501871
15068,,,,0.7377057532030427
15090,,,,0.6030387846444424
15095,1.4077905416488647,9.136273384094238,-1.5514427423477173,
15107,,,,0.46369672353568797
15128,,,,0.49654779156747
15147,,,,0.42854429234300095
15161,1.2737152576446533,9.337387084960938,-1.8195933103561401,
15168,,,,0.34573481570750314
15188,,,,0.4767582600742663
15212,,,,0.5688672500313796
15227,,,-2.011129379272461,
15228,1.37906014919281,9.155426979064941,,
15229,,,,0.562433026883205
15248,,,,0.46145106655050916
15267,,,,0.43643172151863785
15297,1.37906014919281,9.040505409240723,-1.8100165128707886,0.5017302497013945
15313,,,,0.6121468713275523
15327,,,,0.6077649536756764
15347,,,,0.3759152052714285
15363,1.4173674583435059,9.260771751403809,-1.9057846069335938,
15372,,,,0.4311084314537638
15388,,,,0.48220801922297807
15412,,,,0.4520672752089137
15425,1.455674648284912,9.241618156433105,-2.0590133666992188,
15428,,,,0.4550029053962085
15447,,,,0.3620873387945213
15482,,,,0.3898611229215272
15487,,,,0.4509486186876722
15491,1.2737152576446533,9.14585018157959,-1.800439715385437,
15507,,,,0.4858427268091279
15531,,,,0.3396669454067279
15548,,,,0.3447129244173376
15557,1.436521053314209,,-1.9728221893310547,
15558,,9.279925346374512,,
15582,,,,0.4685443268012485
15588,,,,0.5660785121483116
15607,,,,0.5253095316079694
15623,,,-1.9919757843017578,
15624,1.3694833517074585,9.232041358947754,,
15630,,,,0.3409788315053247
15647,,,,0.24875937280057445
15673,,,,0.1849352241697089
15689,1.3407529592514038,9.385271072387695,-1.9728221893310547,0.2604180653852411
15708,,,,0.3173284630824131
15730,,,,0.4631982899537499
15748,,,,0.47072183405626805
15755,1.3311761617660522,9.097966194152832,-1.867477297782898,
15774,,,,0.44219114349266037
15788,,,,0.33779379940234106
15807,,,,0.34976074735108903
15822,1.4939818382263184,9.184157371520996,-2.1068975925445557,
15828,,,,0.3869811814855987
15847,,,,0.38745888291914216
15869,,,,0.32480299829352305
15889,,,-2.0590133666992188,
15890,1.3694833517074585,9.27034854888916,,0.3027812675336694
15908,,,,0.3812588088784569
15928,,,,0.4713371407259749
15951,,,,0.5841659722843296
15954,1.436521053314209,,-2.298433542251587,
15955,,9.040505409240723,,
15972,,,,0.3937517529403177
15989,,,,0.289981887782051
16009,,,,0.3306013057886322
16019,,,-2.2697031497955322,
16020,1.2832920551300049,9.232041358947754,,
16030,,,,0.44665125333942607
16058,,,,0.3689443682148099
16076,,,,0.400364423685384
16088,1.5705963373184204,8.973467826843262,-2.011129379272461,0.5237262555660118
16108,,,,0.45807969234877766
16127,,,,0.37263420007757136
16148,,,,0.4422323884859058
16151,1.3694833517074585,9.107542991638184,-2.2601263523101807,
16178,,,,0.3397889367108321
16187,,,,0.3123556399694314
16215,,,,0.34810274362902
16218,1.4652514457702637,9.08838939666748,-2.451662540435791,
16227,,,,0.519605100731999
16248,,,,0.3950897267595466
16269,,,,0.3953073817890531
16283,1.522712230682373,9.078812599182129,-2.1930887699127197,
16288,,,,0.40706340347955877
16311,,,,0.3157793710908481
16327,,,,0.23005226456232916
16355,1.4173674583435059,9.184157371520996,-2.279279947280884,0.3184790941987228
16382,,,,0.3226725234760863
16387,,,,0.3137903277251623
16416,,,,0.3028753260147475
16419,1.4652514457702637,9.165003776550293,-2.1930887699127197,
16428,,,,0.41635460094893406
16451,,,,0.4466635637329748
16468,,,,0.4103214839349801
16497,,,-2.4420857429504395,
16498,1.4844050407409668,9.059659004211426,,0.3815723494774512
16508,,,,0.3110080150218468
16535,,,,0.32710421818471486
16552,1.6855180263519287,9.193734169006348,-2.2601263523101807,0.23783451163925204
16569,,,,0.2984382229941034
16588,,,,0.370823993011601
16622,,,-2.365471363067627,0.36098767299290646
16623,1.6280571222305298,9.030928611755371,,
16639,,,,0.4074429273423806
16647,,,,0.40877764485868184
16690,1.7142484188079834,9.136273384094238,-2.4229321479797363,0.30422668577951745
16708,,,,0.34781490948880117
16734,,,,0.39309044047735864
16750,1.6184803247451782,9.011775016784668,-2.5091233253479004,
16751,,,,0.34824721867066144
16770,,,,0.36990265680520723
16791,,,,0.43372138610584055
16808,,,,0.49680687119393846
16833,2.0207061767578125,8.925583839416504,-2.5665841102600098,
16834,,,,0.42776149507011435
16855,,,,0.2942586097316559
16883,1.4844050407409668,,-2.6240451335906982,0.33154296875
16884,,9.126696586608887,,
16888,,,,0.3413250636764363
16908,,,,0.44285369805235547
16927,,,,0.5505118286012305
16948,1.2449848651885986,9.030928611755371,-2.3558945655822754,0.5653897602432594
16968,,,,0.43676776576797777
16988,,,,0.40821767169640893
17008,,,,0.4063415424205107
17009,1.6184803247451782,8.925583839416504,-2.671929121017456,
17039,,,,0.39136547477751754
17059,,,,0.36871036300347687
17068,,,,0.3413719042124663
17089,1.867477297782898,9.069235801696777,-2.7772738933563232,0.30713562586579235
17107,,,,0.2394333876398794
17146,1.723825216293335,9.14585018157959,-2.7006595134735107,0.1715489947887051
17149,,,,0.16686263273430893
17169,,,,0.41986019657405704
17187,,,,0.7037469867892491
17207,1.0821791887283325,,-2.4899697303771973,
17208,,8.9064302444458,,
17213,,,,0.709703023414036
17228,,,,0.5835779108760363
17255,,,,0.46783233462925716
17268,,,,0.48846273482746305
17273,1.2641384601593018,8.954314231872559,-2.738966703414917,
17288,,,,0.4773914912647362
17312,,,,0.45553683627573033
17344,,,,0.3735696016274527
17345,1.7142484188079834,9.040505409240723,-2.691082715988159,
17348,,,,0.2442567854151567
17369,,,,0.2997525570555964
17388,,,,0.3340585637373653
17405,1.455674648284912,8.96389102935791,-2.6144683361053467,
17410,,,,0.4086290537533027
17429,,,,0.43078151493942973
17459,,,,0.26917573730245187
17467,,,,0.33409608679237773
17471,1.6376339197158813,9.030928611755371,-2.7293899059295654,
17488,,,,0.3523338967783154
17526,,,,0.3759035113817852
17528,,,,0.3918590127461168
17537,1.4844050407409668,8.916007041931152,-2.75812029838562,
17548,,,,0.44737428902683857
17568,,,,0.3902588463366493
17587,,,,0.38181195586230227
17603,1.6663644313812256,8.89685344696045,-2.806004285812378,
17609,,,,0.42507859092424655
17629,,,,0.36584018504620863
17647,,,,0.33530871740235874
17668,,,,0.39536540917514784
17670,1.522712230682373,8.877699851989746,-2.8634653091430664,
17688,,,,0.31167577289513926
17709,,,,0.28996630439997323
17727,,,,0.29537290227874
17735,1.6089035272598267,9.030928611755371,-2.8634653091430664,
17753,,,,0.2831102416210889
17768,,,,0.3908768604857667
17789,,,,0.4722575878787783
17801,,,-2.786850690841675,
17802,1.656787633895874,8.89685344696045,,
17811,,,,0.3319879840262005
17828,,,,0.20757060600506103
17863,,,,0.19819686634676056
17870,1.522712230682373,8.96389102935791,-2.7676970958709717,0.35679711525818963
17888,,,,0.394752893414321
17908,,,,0.3006808745114754
17935,1.6663644313812256,8.983044624328613,-2.8443117141723633,0.26966173358327883
17947,,,,0.2993194306113455
17967,,,,0.37619400672336617
17992,,,,0.33084807798877436
17999,1.5897499322891235,8.954314231872559,-2.786850690841675,
18008,,,,0.3604699744049562
18031,,,,0.3047418545877542
18048,,,,0.3297719268811223
18065,1.6759412288665771,,-2.873042106628418,
18066,,8.96389102935791,,
18068,,,,0.3078587506978188
18104,,,,0.3105033748077808
18107,,,,0.34861680536360545
18131,1.6855180263519287,8.96389102935791,-2.9496564865112305,0.28043799271528586
18148,,,,0.28188825083457486
18168,,,,0.36155365787201976
18200,,,-2.9496564865112305,0.2895559017764323
18201,1.5418659448623657,8.973467826843262,,
18208,,,,0.314765632725969
18233,,,,0.40898788800411345
18248,,,,0.4438634351353357
18275,1.522712230682373,8.9064302444458,-2.853888511657715,0.3683532714338082
18288,,,,0.30410042470377374
18310,,,,0.2753311390580549
18328,,,,0.32230094947260834
18329,1.599326729774475,8.983044624328613,-2.7485435009002686,
18350,,,,0.2952589672755337
18395,1.5705963373184204,8.992621421813965,-2.75812029838562,0.21056392933243484
18410,,,,0.3215058357797764
18428,,,,0.37097776507764835
18448,,,,0.32872660299814443
18461,1.6280571222305298,8.944737434387207,-2.8443117141723633,
18473,,,,0.3265354163515291
18488,,,,0.33540618265048766
18509,,,,0.33391936266173866
18527,1.6855180263519287,8.96389102935791,-2.9496564865112305,0.2743761301125994
18548,,,,0.24417551935690807
18570,,,,0.29638069812875073
18588,,,,0.3264983365117293
18593,1.6089035272598267,8.935160636901855,-2.7964274883270264,
18608,,,,0.3175465440238313
18630,,,,0.3081429484403427
18648,,,,0.32634361679642815
18664,,,-3.07415509223938,
18665,1.6855180263519287,8.96389102935791,,
18669,,,,0.2731011501828253
18688,,,,0.29630829026378486
18714,,,,0.3904202878506572
18725,,,-2.8347349166870117,
18726,1.6089035272598267,8.925583839416504,,
18728,,,,0.3532763561869824
18758,,,,0.2825456287449579
18773,,,,0.8460914125700811
18789,,,,0.2514206634524535
18791,1.6759412288665771,9.02135181427002,-2.8826189041137695,
18809,,,,0.4226512478516562
18827,,,,0.3630607715275946
18847,,,,0.36627507983191143
18857,1.5131354331970215,8.916007041931152,-2.9496564865112305,
18870,,,,0.44499632000740974
18903,,,,0.6509308275603266
18908,,,,0.46998769754176195
18923,,,-3.0358476638793945,
18924,1.5131354331970215,8.944737434387207,,
18928,,,,0.3328660232416504
18948,,,,0.3222273717197926
18969,,,,0.45881961543764177
18988,,,,0.45171482064680013
18989,1.4748282432556152,8.9064302444458,-2.7676970958709717,
19012,,,,0.3761853517710895
19027,,,,0.2960614803313561
19062,1.5897499322891235,9.040505409240723,-2.8443117141723633,0.24520394511065333
19073,,,,0.5166796677502099
19088,,,,0.4441642177894794
19107,,,,0.42874340030050495
19128,1.580173134803772,8.992621421813965,-3.1028854846954346,0.29028174012555796
19148,,,,2.168749859284938
19175,,,,0.5219098759036374
19187,1.4652514457702637,8.954314231872559,-4.280832767486572,
19189,,,,1.2422324118502421
19207,,,,0.522679819621943
19228,,,,0.2405683785243329
19248,,,,0.4909308148614292
19253,1.5610195398330688,8.877699851989746,-3.1699230670928955,
19275,,,,0.7899087201874531
19290,,,,1.144297188530725
19310,,,,0.7073449971950854
19322,1.091755986213684,8.638279914855957,-3.2561142444610596,
19342,,,,0.6225919826754183
19350,,,,0.47801334722989547
19368,,,,0.0755199293241436
19385,1.580173134803772,9.078812599182129,-3.907337188720703,
19388,,,,0.8037402308746909
19408,,,,0.2831121101139902
19428,,,,0.4812340572738478
19448,,,,0.46328557544766835
19451,1.436521053314209,8.78193187713623,-2.9496564865112305,
19467,,,,0.4816472865972019
19488,,,,0.49731482766558216
19509,,,,0.7528232048923584
19517,,,-2.3080103397369385,
19518,1.599326729774475,9.107542991638184,,
19529,,,,0.6574984890590466
19559,,,,0.35507444373510716
19577,,,,0.3674696386212831
19583,1.436521053314209,8.925583839416504,-3.2369606494903564,
19588,,,,0.382661166737793
19608,,,,0.38186181022229354
19634,,,,0.20432566700631277
19650,1.0342950820922852,8.829815864562988,-2.3367409706115723,0.8354836060555281
19669,,,,0.65600308814136
19688,,,,1.0698438857624317
19707,,,,0.8079607785048748
19715,1.4748282432556152,9.059659004211426,-1.6759412288665771,
19741,,,,1.7202826862021188
19748,,,,0.9856976902099804
19769,,,,1.1903918340859228
19783,0.871489405632019,9.002198219299316,-2.8347349166870117,
19788,,,,0.70396343680552
19807,,,,0.9836881451385591
19828,,,,0.29899730755078524
19857,1.6184803247451782,9.030928611755371,-3.1220390796661377,0.3781955385225382
19869,,,,0.306468174059134
19888,,,,0.4185698990187093
19907,,,,0.3200076909184106
19918,1.4939818382263184,8.973467826843262,-2.7676970958709717,
19929,,,,0.3102180611541377
19948,,,,2.0945532097922754
19982,1.6759412288665771,8.9064302444458,-2.0398597717285156,0.9365104539148231
19988,,,,0.8459362739410365
20007,,,,0.7619410655016706
20030,,,,1.472248860883928
20046,0.6703764796257019,9.02135181427002,-1.4652514457702637,
20048,,,,1.3774076969493882
20071,,,,1.54950128961579
20088,,,,0.9391759515104227
20107,,,,0.5560331543430101
20111,1.37906014919281,9.030928611755371,-2.0685901641845703,
20129,,,,0.968548969206533
20156,,,,1.3472217246291738
20168,,,,0.7945216715637609
20177,,,-1.158793568611145,
20179,1.37906014919281,9.117119789123535,,
20188,,,,0.8518192359209593
20215,,,,1.0401072591711127
20228,,,,0.9882696701396683
20244,1.1779472827911377,9.576807022094727,-2.75812029838562,
20248,,,,0.5683647496339653
20268,,,,1.0531391222088982
20288,,,,1.0437319245743475
20308,,,,2.657492044316726
20309,3.6104562282562256,10.697293281555176,-3.6296098232269287,
20343,,,,3.4628896611056894
20348,,,,2.4848055676357976
20368,,,,3.2325385588361963
20376,0.06703764945268631,12.430695533752441,-4.252102375030518,
20388,,,,4.758041000516668
20422,,,,4.176761123267042
20428,,,,5.225245835941167
20461,2.3942017555236816,14.269442558288574,-4.3861775398254395,5.854608412758965
20468,,,,6.558806042759838
20488,,,,4.806520388454511
20507,1.1971008777618408,12.708422660827637,-8.274360656738281,
20508,,,,6.8653577291549475
20528,,,,7.658943792288055
20548,,,,6.26766181240872
20570,,,,6.333413106850938
20575,3.045424461364746,5.966350555419922,-3.8786067962646484,
20588,,,,5.3731917067448505
20611,,,,5.90876288670635
20630,,,,5.159169428315325
20644,-0.019153613597154617,4.367023944854736,0.7374141216278076,
20648,,,,5.849509598481279
20668,,,,6.457719769609295
20687,,,,7.116848214161798
20705,-0.181959331035614,1.723825216293335,2.978386878967285,
20710,,,,7.491019403532577
20730,,,,5.62479298528571
20750,,,,6.34259774403029
20768,,,,5.323828253975895
20771,-1.3694833517074585,3.3039982318878174,3.7253777980804443,
20790,,,,5.078811739922558
20819,,,,4.701185466523248
20828,,,,3.71816204135313
20837,,,6.7708024978637695,
20838,-2.959233283996582,3.1699230670928955,,
20858,,,,3.5346785923418365
20870,,,,3.554969591957666
20892,,,,2.024219376605521
20903,,,7.833827972412109,
20904,-3.045424461364746,5.066130638122559,,
20923,,,,0.8707544666759479
20929,,,,3.1220726034652997
20948,,,,1.3674364135855037
20968,,,,2.3417191926036
20970,-2.9975404739379883,4.663905143737793,10.055646896362305,
20989,,,,0.6186450936751454
21023,,,,1.201116842854559
21028,,,,1.8716666154983164
21035,-1.4269442558288574,4.4532151222229,10.256759643554688,
21047,,,,1.2318936771271742
21079,,,,1.3685866689558706
21094,,,,2.2421031763257004
21101,,,10.505757331848145,
21109,,,,3.627394838813441
21129,,,,4.478569286638827
21148,,,,3.248739878575233
21167,0.2777273952960968,4.8267107009887695,8.762778282165527,
21168,,,,1.618902577754188
21191,,,,2.189626913123959
21208,,,,1.0658432588768791
21227,,,,1.3163141507041989
21233,-0.1149216815829277,2.691082715988159,11.118672370910645,
21247,,,,1.669446446965364
21268,,,,0.48964811126491176
21291,,,,0.527099637645104
21299,0.019153613597154617,3.533841609954834,9.84495735168457,
21308,,,,1.6732715941180902
21327,,,,1.2099029551753635
21348,,,,0.5984420347913432
21365,-0.019153613597154617,1.3982137441635132,11.013327598571777,
21378,,,,1.5359775976494439
21390,,,,0.9638092734766023
21408,,,,0.9835586190104402
21427,,,,1.5979841497396694
21431,0.31603461503982544,3.0166940689086914,8.753201484680176,
21447,,,,0.6504799950402202
21470,,,,0.1850756232244337
21488,,,,0.3410650647867189
21497,-0.545877993106842,1.9057846069335938,9.050082206726074,
21516,,,,1.07107071576994
21528,,,,0.5975496783014593
21548,,,,0.894365753456584
21565,,,10.745177268981934,
21566,-0.5937620401382446,2.4899697303771973,,
21569,,,,1.32116856557736
21597,,,,0.6098242839625901
21608,,,,0.6601086887178441
21627,,,,0.3587350330154842
21629,0.507570743560791,1.9632453918457031,9.2033109664917,
21648,,,,1.8252112488436163
21684,,,,3.677370674354045
21688,,,,3.626805217728312
21695,0.181959331035614,0.8523358106613159,8.379706382751465,
21716,,,,1.710601076816669
21728,,,,1.4204016797024919
21748,,,,1.5313057402761334
21761,-1.158793568611145,3.2752678394317627,11.741165161132812,
21773,,,,4.061142914858125
21788,,,,3.0052244471355434
21814,,,,6.223598411293791
21827,-3.2561142444610596,,11.741165161132812,
21828,,2.0398597717285156,,3.910136250417135
21847,,,,3.598689391727878
21868,,,,5.2473497513356016
21888,,,,2.848004187741576
21893,-0.2298433631658554,2.5665841102600098,7.671022415161133,
21908,,,,3.8003632020544162
21927,,,,3.5316514318718766
21948,,,,3.2467920169744873
21959,1.0247182846069336,0.6607996821403503,9.567230224609375,
21971,,,,1.24647219660018
21987,,,,1.350926288079057
22014,,,,1.8488085905518428
22025,-1.1779472827911377,2.0685901641845703,7.3454108238220215,
22028,,,,2.3946609835305916
22048,,,,2.0791715123713206
22079,,,,3.3897708221207914
22099,-0.9002198576927185,2.279279947280884,12.4785795211792,3.2701688119786554
22108,,,,3.282979600185907
22129,,,,3.364094670164486
22148,,,,2.515328146911553
22161,,,9.232041358947754,
22162,0.5267243981361389,-0.10534487664699554,,
22168,,,,1.5667495161158946
22188,,,,2.441340135823552
22208,,,,1.5568603207429474
22224,,,8.35097599029541,
22225,2.3558945655822754,2.604891538619995,,
22227,,,,3.847816115413031
22266,,,,2.6734527034539024
22269,,,,2.947009015398633
22288,,,,4.273219687090827
22289,-2.6623523235321045,0.43095630407333374,13.043610572814941,
22307,,,,2.8032216781564006
22328,,,,1.307534497974782
22351,,,,3.087890161735022
22355,1.1492167711257935,3.064578056335449,7.862558364868164,
22371,,,,1.5103264441893276
22388,,,,1.9409583206300685
22408,,,,1.6039283955304524
22421,-0.4213795065879822,2.2697031497955322,8.427590370178223,
22428,,,,1.5538868591725103
22449,,,,2.81192587184738
22478,,,,1.1471202847900452
22487,-0.6416460275650024,2.719813108444214,9.979032516479492,
22488,,,,0.6579415002315162
22507,,,,1.560306153333222
22528,,,,0.4828586223016132
22549,,,,1.904659232852214
22553,0.26815059781074524,2.9975404739379883,7.287950038909912,
22578,,,,1.9394338247639251
22588,,,,0.3439941189659659
22608,,,,0.9409652246744461
22625,-0.5746083855628967,2.4229321479797363,9.892841339111328,
22629,,,,0.2312629158047416
22657,,,,0.785807515007099
22669,,,,1.2755726425886889
22685,-0.8523358106613159,2.5474305152893066,10.831368446350098,
22687,,,,1.421191208293594
22707,,,,0.9620367136569787
22730,,,,1.3272994224326933
22748,,,,1.0126699446293823
22751,,,8.743624687194824,
22752,0.38307225704193115,3.5434184074401855,,
22776,,,,1.6694584432104225
